Name;Firma2;Straße;PLZ;Ort;Land;Telefon;Fax;Produkte;Kategorie;Kategorie;Kategorie;;Hallenname
A-Team mit Herz;Inh. Sascha Gierse;Lerchenring 5;86754;Munningen;;09082 911061;09082 9679381;Informationsstand über Haushaltsservice und Hausmeisterservice;Informationsstände, Dienstleistungen, Sonderschau;;;;Halle H
ABC Getränke;;Obere Str. 13;86554;Pöttmes;;08276/5199851;08276/5199850;Getränke ;Nahrungs- und Genussmittel;;;;Halle D
Abel + Ruf GmbH;;Rosenstr. 10;86609;Donauwörth;;0906 7807-44;0906 7807-7744;Mercedes-Benz und smart Fahrzeuge ;Auto, Autozubehör, Autopflege, Autohaus;;;;Freigelände
Abfall-Wirtschafts-Verband - AWV;Nordschwaben;Weidenweg 1;86609;Donauwörth;;0906/7803-11;0906/7803-99;Informationsstand, Preisausschreiben ;Informationsstände, Dienstleistungen, Sonderschau;;;;Halle F
ADAC - Vertriebsagentur;H. Unterländer GmbH;Stefan-George-Ring 29;81929;München;;089/99249260;089/99249261;Informationsstand, Automobilclub ;Informationsstände, Dienstleistungen, Sonderschau;Auto, Autozubehör, Autopflege, Autohaus;;;Halle H
AMC;Werner Ahamer;Am Anger 10;91550;Dinkelsbühl;;09851/554265;09851/554267;AMC-Produkte ;Haushaltsgeräte, Haushaltswaren;;;;Halle H
Amt für Ernährung, Landwirtschaft;und Forsten Nördlingen;Oskar-Mayer-Str. 51;86720;Nördlingen;;09081 2106-0;09081 2106-55;"Informationsstand ""Erhaltung der Artenvielfalt""";Informationsstände, Dienstleistungen, Sonderschau;;;;Halle C
Amway Ewald und Renate Beck;;Untermagerbein 9;86751;Mönchsdeggingen;;09088/920190;09088 920191;Trinkwasserfilter, Luftfilter, Ernährungprogramm, Nahrungsergänzungen,;Nahrungs- und Genussmittel;Wasserenthärtung und -aufbereitung;;;Halle G
AOK Bayern - Die Gesundheitskasse;Direktion Donauwörth;Obermayerstr. 6;86609;Donauwörth;;0906 76-139;0906 76-147;Informationsstand, Krankenversicherung ;Gesundheit, Medizin, Pflege;Informationsstände, Dienstleistungen, Sonderschau;;;Halle G
Arbeiter-Samariter-Bund;RV Dillingen-Donau-Ries e.V.;Badgasse 7;86637;Wertingen;;08272 6091012;08272 6091014;Informationsstand, Gewinnspiel, Hausnot- rufgerät, Defibrilator, soziale Dienste;Gesundheit, Medizin, Pflege;;;;Halle G
as Büro- und;Objekteinrichtung GmbH;An der Lach 3;86720;Nördlingen;;09081 27533 0;09081 27533 29;div. Einrichtungsmobiliar ;Möbel, Küchen;;;;Halle G
August Thomas;Jemako;Binsengassse 2;86754;Munningen;;09082/9133054;;Reinigungsmittel, Tücher Standbesetzung vom 04. bis 06. Oktober;Bekleidung, Pelze, Leder;Reinigungsgeräte und -mittel;;;Halle E
AVS - Taglieber GmbH;Architekturbüro;Nittingen 8 a;86732;Oettingen;;09082 961050;09082 9610525;Informationsstand ;Informationsstände, Dienstleistungen, Sonderschau;Altbau, Modernisierung;Bauen, Ausbau, Fertighäuser, Immobilien;;Halle B
AWV - Abfallwirtschaftsverband;Nordschwaben;Weidenweg 1;86609;Donauwörth;;0906/7803-11;0906/7803-99;Informationsstand, Preisausschreiben ;Informationsstände, Dienstleistungen, Sonderschau;;;;Halle F
balanceSoul  Mayr;;Westenstr.2;86703;Rögling;;0173/5784833;;Bemer Physikalische Gefäßtherapie, Standbesetzung am 02. + 03.10.2019;Gesundheit, Medizin, Pflege;;;;Halle A
"Barockpferdecentrum ""Reitstall Petra""";;Oettinger Str. 10;86720;Nördlingen;;09081 4584;09081 805289;Informationsstand, Popkorn Verkauf, Glücksrad;Informationsstände, Dienstleistungen, Sonderschau;;;;Halle J
TSV 1861 Nördlingen e.V.;Basketballabteilung;Deiningerstr.3;86720;Nördlingen;;09081 3019945;;Informationsstand ;Informationsstände, Dienstleistungen, Sonderschau;;;;Halle J
Bau-Innung Nordschwaben;;Kerschensteinerstr. 35;86720;Nördlingen;;09081-2597-0;09081-2597-25;Informationsstand, Innungs- und Lehrlingswerbung;Informationsstände, Dienstleistungen, Sonderschau;;;;Halle B
Bauelemente Hamm;;Ziegelstr. 11;89518;Heidenheim;;0171 2839476;;Spezialreiniger, Schaum macht's möglich ;Reinigungsgeräte und -mittel;;;;Halle F
Bauer Bauelemente GmbH & Co. KG;;Am Mittelfeld 65 d;89407;Dillingen;;09071 9818;09071 7058240;Fassaden-Dachsysteme, WPC-Terrassendielen;Dächer, Dachumdeckungen, Dacheindeckungen, Fassaden;Gartengeräte, Gartengestaltung, Gartenbedarf;;;Halle H
Baur - Malerbetrieb;;Mühlstr. 7;86732;Oettingen;;09082 7029713;;Informationsstand ;Raumausstattung;Bauen, Ausbau, Fertighäuser, Immobilien;;;Halle K
Bayer. Bauernverband;Geschäftsstelle Donauwörth;Am Stillflecken 30;86609;Donauwörth;;0906/70646-0;0906/70646-20;Schweinemobil Tierzelt;Tierschauen, Tierbedarf;;;;Halle T, Freigelände
Bayerische Sportjugend BSJ;im BLSV e.V.;Georg-Brauchle-Ring 93;80992;München;;;;Informationsstand ;Informationsstände, Dienstleistungen, Sonderschau;;;;Halle J
BDKJ Diözesanverband Augsburg;;Kitzenmarkt 20;86150;Augsburg;;;;Riesen-Yenga - Das Gesellschaftsspiel ;Informationsstände, Dienstleistungen, Sonderschau;;;;Halle J
Beck Erwald Amway;;Untermagerbein 9;86751;Mönchsdeggingen;;09088/920190;09088 920191;Trinkwasserfilter,Luftfilter,Ernährungs- programm, Nahrungsergänzungen,;Nahrungs- und Genussmittel;Wasserenthärtung und -aufbereitung;;;Halle G
Bezirkskrankenhaus Donauwörth;;Neudegger Allee 6;86609;Donauwörth;;0906/782-2202;0906/782-2206;in Ergotherapie gefertigte Gegenstände, Gedächtnisübungen, Alkoholmessung;Gesundheit, Medizin, Pflege;Informationsstände, Dienstleistungen, Sonderschau;;;Halle G
Bissinger Auerquelle;W. Hörhammer GmbH & Co. KG;Auerweg 1;86657;Bissingen;;09084/210;09084/1349;alkoholfreie Getränke ;Ausstellungsrestaurant, Getränkeausschank, Imbiss, Café;;;;Halle G
Bissinger Gartengestaltung;;Bachweg 9;86753;Möttingen;;0163 8648829;;Gartengestaltung ;Gartengeräte, Gartengestaltung, Gartenbedarf;;;;Halle M
Bittner Frank e. K.;;Munninger Str. 12 1/2;86732;Oettingen;;09082/1492;09082/1259;Kachelöfen, Heizkamine, Kamin- Pellet- ofen, Küchenherd, Heizeinsätze,;Kamine, Kachelöfen;;;;Halle K
Bittner Friedrich;Fliesen - Kachelöfen;Schloßstr. 44;86732;Oettingen;;09082/90100;09082/90138;Kaminöfen, Kachelofen ;Kamine, Kachelöfen;;;;Halle K
Böhm Entsorgungs GmbH;;Ulmer Str. 5;86720;Nördlingen;;09081 290860;09081 2908619;Containerbar, Kinderspiele, versch. Recyclingmateralien;Nahrungs- und Genussmittel;Verschiedenes;;;Halle M
Bohner Hans GmbH & Co. KG;Eisen- und Sanitärgroßhandel;Am Steinerbach 2;86732;Oettingen;;09082/72-135;09082/72-152;Anhänger, Arbeitsschutz, Speicher, Wärmepumpen, Bauelemente ;Bauen, Ausbau, Fertighäuser, Immobilien;Energietechnik, Energieversorgung;;;Halle K, Freigelände
Boko Marc - Vertrieb;Pur Premium;Mahlastr. 16 b;67227;Frankenthal;;0152 53969248;;PUR Classic Antibeschlag & Antistatik ;Reinigungsgeräte und -mittel;;;;Halle H
Boos Birgit u. Erwin GBR;Jemako;Ringstr.18;86748;Marktoffingen;;09087/920380;;Jemako Ware Standbesetzung vom 02. bis 03.10. 2019;Reinigungsgeräte und -mittel;Bekleidung, Pelze, Leder;;;Halle E
Brennerei Donare;;Schloss 2;86733;Alerheim;;09085 9206-39;09085 9206-43;Schnäpse ;Nahrungs- und Genussmittel;;;;Halle D
Bretzger Schreinerei;Holz und Mehr;Am Riedweg 2;86757;Ehringen;;09081/2906376;09081/2906377;Türen ;Fenster und Türen;;;;Halle S
BRSG;TSV 1861 Nördlingen e.V.;Deiningerstr.3;86720;Nördlingen;;09081 3019945;;Informationsstand ;Informationsstände, Dienstleistungen, Sonderschau;;;;Halle J
BS - Kamine & Bau;;Asbachstr. 33 b;86502;Laugna;;08272 642011;08272 642012;Öfen, Kamine ;Kamine, Kachelöfen;;;;Freigelände
Büchler Albert;Holz - Treppenbau;Im Unterdorf 10;86745;Hohenaltheim OT Niederaltheim;;09088/758;09088/718;Holztreppen ;Altbau, Modernisierung;Bauen, Ausbau, Fertighäuser, Immobilien;;;Halle S
Bundeswehr;Karrierecenter München;Dachauer Str. 128;80637;München;;089/12495616;089/12495650;Messestand der Bundeswehr mit Exponaten, Fahrzeuge der Bundeswehr ;Informationsstände, Dienstleistungen, Sonderschau;;;;Halle F, Freigelände
Bundeswehr - Karriereberatung;der Bundeswehr Donauwörth;Zirgesheimer Straße 7;86609;Donauwörth;;0906 70593411;;Messestand der Bundeswehr mit Exponaten, Fahrzeuge der Bundeswehr ;Informationsstände, Dienstleistungen, Sonderschau;;;;Halle F, Freigelände
Bündnis 90/ Die grünen Donau-Ries;;Kapellstraße19;86609;Donauwörth;;0906/12799607;;Informationsstand, Glücksrad ;Informationsstände, Dienstleistungen, Sonderschau;;;;Halle A
Casada Deutschland GmbH;;Obermeiers Feld 3;33104;Paderborn;;05254 9312490;05254 9312499;PowerBoard, Vibrationshanteln, PowerBand, ReflexPad, PowerPodest;Fitness, Gesundheit;;;;Halle H
CBDproHanf UG (haftungsbeschränkt);;Weidenweg 9b;86609;Donauwörth;;0906 40249950;;CBD Öl, Hanfzahncreme, CBD Kapseln, CBD Tee, CBD Kaugummi ...;Nahrungs- und Genussmittel;;;;Halle A
Club der Köche Donau-Ries e. V.;;Doppelmayrstraße 10;86720;Nördlingen;;09081 29076-72;09081 29076-73;Schaukochen mit Küchenmeister Uli Großmann Informationsstand;Informationsstände, Dienstleistungen, Sonderschau;Nahrungs- und Genussmittel;;;Halle D
CSU-Kreisverband Donau-Ries e. V.;;Deininger Str. 1;86720;Nördlingen;;09081/2720535;;Informationsstand ;Informationsstände, Dienstleistungen, Sonderschau;;;;Halle A
Czeschner Schreinerei GmbH & Co. KG;;Vordere Angerstraße 10;86720;Nördlingen-OT Löpsingen;;09081/805095-0;09081/805095-20;Informationsstand, Möbel ;Möbel, Küchen;;;;Halle S
DEESSE Kosmetikberatung;;In der Rinne 3;86720;Nördlingen/Baldingen;;09081 1478;;Kosmetikprodukte ;Mode, Beauty, Kosmetik;;;;Halle G
Deutsche Seniorenwerbung GmbH;;Borsigstr. 9;41469;Neuss;;02137/9944-13;02137/9944-99;Informationsstand, Glückstüte® ;Informationsstände, Dienstleistungen, Sonderschau;;;;Halle G
Deutsche Strategie Beratung GmbH;;Luitpoldstr. 13;91550;Dinkelsbühl;;07962 7126717;07962 7126178;Informationen zum Immobilienverkauf ;Bauen, Ausbau, Fertighäuser, Immobilien;Informationsstände, Dienstleistungen, Sonderschau;;;Halle E
Deutscher Alpenverein e. V.;Sektion Nördlingen;Stegmühlweg 2a;86720;Nördlingen;;09081 4832;;Flechten von Survival-Armbändern aus Paracord 2.10. Nachmittag + 3.10. ganzt., 5. + 6.10. ganzt.;Informationsstände, Dienstleistungen, Sonderschau;;;;Halle J
Diakoneo Offene Hilfen;;Holzgraben 1;86732;Oettingen;;;;Memory und Tischtennistorwand 04.10.;Informationsstände, Dienstleistungen, Sonderschau;;;;Halle J
DOMUS-SANA;Inh. Patcharin Neumayr;Bahnhofstr.9;82223;Eichenau;;08141/3550255;08141/3550260;Dampfsauger f. Haushalt u. Gewerbe m. u. o. Chemie, Staubsauger m. Wasserfilter;Maschinen und Werkzeuge;Haushaltsgeräte, Haushaltswaren;Reinigungsgeräte und -mittel;;Halle H
Donau-Ries Kliniken;und Seniorenheime gKU;Neudegger Allee 6;86609;Donauwörth;;0906 782-1115;0906 782-1120;Informationsstand ;Informationsstände, Dienstleistungen, Sonderschau;Gesundheit, Medizin, Pflege;;;Halle G
Donau-Ries-Medien GmbH;Donau-Ries-Aktuell;Auf der Brücke 8;86655;Harburg;;09080 923920;09080 9239229;Informationsstand, Blättle (Donau-Ries- Aktuell);Informationsstände, Dienstleistungen, Sonderschau;;;;Halle A
Dorf- und Bürgerverein Kleinsorheim;Erhalten und Gestalten;Unterdorf 25;86753;Möttingen;;;;Informationsstand ;Informationsstände, Dienstleistungen, Sonderschau;;;;Halle M
Dorfgemeinschaft Balgheim;;Dorfstr. 11;86753;Möttingen/Balgheim;;09083/1238;;Informationsstand ;Informationsstände, Dienstleistungen, Sonderschau;;;;Halle M
Dorfladen Alerheim;;Hauptstraße 18;86733;Alerheim;;09085/9609494;;regionale Produkte ;Informationsstände, Dienstleistungen, Sonderschau;Verschiedenes;;;Halle D
Dorfladen Amerdingen;;Schulstraße 12;86735;Amerdingen;;09089/920495;;regionale Produkte ;Informationsstände, Dienstleistungen, Sonderschau;Verschiedenes;;;Halle D
Dorfladen Daiting;;Natterholzer Straße 6;86653;Daiting;;;;regionale Produkte ;Informationsstände, Dienstleistungen, Sonderschau;Verschiedenes;;;Halle D
Dorfladen Fünfstetten;;Indorf 15;86651;Fünfstetten;;09091/4259976;;regionale Produkte ;Informationsstände, Dienstleistungen, Sonderschau;Verschiedenes;;;Halle D
Dorfladen Huisheim;;Am Lettenbuck 1;86685;Huisheim;;09080/9203016;;regionale Produkte ;Informationsstände, Dienstleistungen, Sonderschau;Verschiedenes;;;Halle D
Dorfladen Megesheim;;Bugstraße 10;86750;Megesheim;;09082/921196;;regionale Produkte ;Informationsstände, Dienstleistungen, Sonderschau;Verschiedenes;;;Halle D
Dorfladen Oberndorf;;Eggelstetter Straße 12;86698;Oberndorf;;09090/9624570;;regionale Produkte ;Informationsstände, Dienstleistungen, Sonderschau;Verschiedenes;;;Halle D
Dorfladen UG;;Bgm.-Böswald-Str. 12;86703;Rögling;;09094/9210183;;regionale Produkte ;Informationsstände, Dienstleistungen, Sonderschau;Verschiedenes;;;Halle D
Dorfladen Wolferstadt;;Döckinger Straße 1;86709;Wolferstadt;;09092/6955;;regionale Produkte ;Informationsstände, Dienstleistungen, Sonderschau;Verschiedenes;;;Halle D
Drescher Fliesen;;Kreuzweg 11;86753;Möttingen;;09083 9205497;09083 9205498;Fliesen, Bodenbeläge, Verlegematerial, Reiniger, Bauchemie;Reinigungsgeräte und -mittel;Bauen, Ausbau, Fertighäuser, Immobilien;Altbau, Modernisierung;;Halle M
DS Smith Packaging Deutschland;Stiftung & Co. KG;Nürnberger Str. 63;86720;Nördlingen;;09081/81220;09081/81209;Verpackungsmuster, Infostand über Ausbildung;Recruiting, Arbeitskräfte, Personal;;;;Halle E
E-Service Ueckert;;Hüssingen 24;91747;Westheim;;09082/961339-0;09082/961339-90;Alarmanlagen, Sicherheitstechnik, Telefonanlagen;Informationsstände, Dienstleistungen, Sonderschau;Sicherheitstechnik;Telekommunikation;;Halle H
eb Naturstein GmbH;;Kellerstr. 1;86732;Oettingen;;09082/2215;09082/4387;Natursteininterior, Kunst, Grabmal ;Gartengeräte, Gartengestaltung, Gartenbedarf;Kunst- u. Geschenkartikel;;;Halle K
Eberhardt - Die Creative;Küche & Wohnen GmbH;Romantische Str. 15;86753;Möttingen;;09083/920892;09083/920893;Küche und Eßzimmer ;Möbel, Küchen;;;;Halle M
Eberhardt Elektro;;Bollstädter Str. 15;86735;Forheim-Aufhausen;;09089 1470;09089 1481;Wechselrichter, Solarmodule, Elektro- installationsgegenstände;Energietechnik, Energieversorgung;Elektrogeräte, HiFi, Radio;;;Halle M
Egerschützen Enkingen;;Großelfinger Str. 21;86753;Möttingen-Enkingen;;09083/1278;;Informationsstand ;Informationsstände, Dienstleistungen, Sonderschau;;;;Halle M
EIGNER Fertigbau GmbH & Co. KG;;Weinmarkt 7 - 8;86720;Nördlingen;;09081 293949;09081 293989;Betonfertigteilgarage ;Bauen, Ausbau, Fertighäuser, Immobilien;;;;Freigelände
EKIM Ewiv;;Lagerhausstr. 1;83410;Laufen;;0043 676 6800 443;0043 7255 6603;Rescue Gel, Gewinnspiel mit Sofortgewinn ;Gesundheit, Medizin, Pflege;;;;Halle F
Elektro Eberhardt;;Bollstädter Str. 15;86735;Forheim-Aufhausen;;09089 1470;09089 1481;Wechselrichter, Solarmodule, Elektro- Installationsgegenstände;Bauen, Ausbau, Fertighäuser, Immobilien;Altbau, Modernisierung;Energietechnik, Energieversorgung;;Halle M
Elektro-Innung Donau-Ries;;Kerschensteiner Str. 35;86720;Nördlingen;;09081 3175;09081 257365;Informationsstand, Innungs- und Azubiwerbung;Informationsstände, Dienstleistungen, Sonderschau;;;;Halle B
Element Haar by Isabella;;Mühlstr. 7;86732;Oettingen;;09082 7029713;;Informationsstand, Haarpflege, Perücken, Haarverlängerung;Mode, Beauty, Kosmetik;;;;Halle K
EnBW ODR AG Ostwürttemberg;Donau Ries AG;Unterer Brühl 2;73479;Ellwangen;;07961 822439;07961 82652439;Strom, Gas, Telekommunikation, Energie- Beratung, Dienstleistung, E-Mobilität;Energietechnik, Energieversorgung;Telekommunikation;Informationsstände, Dienstleistungen, Sonderschau;;Halle B
Enßlin GmbH;Zimmerei - Holzbau;Enkinger Weg 1;86753;Möttingen;;09083/1491;09083/1468;Holzhausbau, Energetische Sanierung, Hallenbau;Bauen, Ausbau, Fertighäuser, Immobilien;Altbau, Modernisierung;;;Halle M
Erdgas Schwaben GmbH;;Bayerstraße 43;86199;Augsburg;;0821 9002-0;0821 9002-385;Brennstoffzelle, E-Auto, CNG-Auto ;Energietechnik, Energieversorgung;Auto, Autozubehör, Autopflege, Autohaus;;;Halle B
F.B. Zell Aktiv GmbH;Strahlenschutz;Klessinger Str. 2;94269;Rinchnach;;09921/8305;09921/8305;Baubiologische Beratungen,Strahlenschutz der gesunde Platz für Mensch und Tier,;Gesundheit, Medizin, Pflege;;;;Halle B
Fawas GmbH;Saubere Gesunde Lebensräume;Vogelsangstraße 26 / 2 b;72581;Dettingen;;07123 961820;07123 961830;Zentralstaubsauger, Wohnraumlüftung, Wäscheabwurfschächte;Bauen, Ausbau, Fertighäuser, Immobilien;Informationsstände, Dienstleistungen, Sonderschau;;;Halle H
Feistle Wassertechnologie;;Waldstr. 25;89438;Holzheim;;09075 9588475;09075 9556311;balaAqua evolution classic Tritan Trinkflaschen;Wasserenthärtung und -aufbereitung;;;;Halle F
Fenster - dicht!;;Lettenäcker 3;73571;Göggingen;;07175/8485;07175/922551;Holzfenstersanierung, Einbruchschutz ;Fenster und Türen;;;;Halle F
Fensterhaus Ansbach GmbH;;Lange Mähder 13;91589;Aurach;;09804 9159 0;09804 9159 29;Fenster, Türen, Vordächer, Dachflächen- fenster;Fenster und Türen;;;;Halle E
Ferienland Donau-Ries;;Pflegstr. 2;86609;Donauwörth;;0906/74-211;0906/74-212;Informationsstand ;Informationsstände, Dienstleistungen, Sonderschau;;;;Halle D
Flexmo by Kögl;;Industriestr. 2;89347;Bubesheim-Günzburg;;;;Sprinter mit Fahrzeugeinrichtung ;Auto, Autozubehör, Autopflege, Autohaus;;;;Freigelände
Freiwillige Feuerwehr Enkingen;;Am Knie 13;86753;Möttingen/Enkingen;;09083/1378;;Informationsstand ;Informationsstände, Dienstleistungen, Sonderschau;;;;Halle M
Freiwillige Feuerwehr Kleinsorheim;;Unterdorf 25;86753;Möttingen;;09083/518;;Informationsstand ;Informationsstände, Dienstleistungen, Sonderschau;;;;Halle M
Freiwillige Feuerwehr Möttingen;;Balgheimer Str. 5;86753;Möttingen;;09083/1307;;Informationsstand ;Informationsstände, Dienstleistungen, Sonderschau;;;;Halle M
Fürstl. Bissinger Auerquelle;W. Hörhammer GmbH & Co. KG;Auerweg 1;86657;Bissingen;;09084/210;09084/1349;alkoholfreie Getränke ;Ausstellungsrestaurant, Getränkeausschank, Imbiss, Café;;;;Halle G
Fußballabteilung;TSV 1861 Nördlingen e.V.;Deiningerstr.3;86720;Nördlingen;;09081 3019945;;Informationsstand ;Informationsstände, Dienstleistungen, Sonderschau;;;;Halle J
Garten- und Verschönerungsverein Balgheim;;Dorfstr. 4 a;86753;Möttingen;;09083 1577;;Informationsstand ;Informationsstände, Dienstleistungen, Sonderschau;;;;Halle M
Gartenbau- und;Verschönerungsverein Baldingen;Wagga-Wagga-Straße 53;86720;Nördlingen;;09081 604400;;Kartoffel oder Kräuter ;Nahrungs- und Genussmittel;Gartengeräte, Gartengestaltung, Gartenbedarf;Informationsstände, Dienstleistungen, Sonderschau;;Halle C
Gartenbau- und Verschönerungsverein Munningen;;Hopfenweg 10;86754;Munningen;;09082 1418;;Obstsäfte ;Gartengeräte, Gartengestaltung, Gartenbedarf;Nahrungs- und Genussmittel;;;Halle C
Gartenbau- und Verschönerungsverein Löpsingen;;Dallengarten 5;86720;Löpsingen;;09081 5333;;Drechsler ( Herr Erich Schabert ) ;Gartengeräte, Gartengestaltung, Gartenbedarf;Informationsstände, Dienstleistungen, Sonderschau;;;Halle C
Gartenbauverein Hürnheim;;Christgartener Str. 21;86739;Ederheim-Hürnheim;;09081 211442;;Rund um die Honigbiene ;Gartengeräte, Gartengestaltung, Gartenbedarf;Informationsstände, Dienstleistungen, Sonderschau;;;Halle C
Gartenbauverein Marktoffingen/Minderoffingen;;Dorfstraße 21;86748;Marktoffingen - Minderoffingen;;;;Naturnaher Garten mit Federvieh ;Gartengeräte, Gartengestaltung, Gartenbedarf;Informationsstände, Dienstleistungen, Sonderschau;;;Halle C
Gartenbauverein Mönchsdeggingen;;Am Kuhstein 14;86751;Mönchsdeggingen;;09088/622;;Die Zwiebel - eine uralte Nutz- und Heilpflanze ;Gartengeräte, Gartengestaltung, Gartenbedarf;Informationsstände, Dienstleistungen, Sonderschau;;;Halle C
Gartengestaltung Bissinger;;Bachweg 9;86753;Möttingen;;0163 8648829;;Gartengestaltung ;Gartengeräte, Gartengestaltung, Gartenbedarf;Informationsstände, Dienstleistungen, Sonderschau;;;Halle M
"Gasthaus ""Zur Wallfahrt""";Familie Trollmann;Oettinger Strasse 107;86650;Wemding;;09092 362;;Verkauf von Kaffee und Kuchen ;Ausstellungsrestaurant, Getränkeausschank, Imbiss, Café;;;;Halle S
Gebietsverkehrswachten Nördlingen & Donauwörth;;Hallgasse 6;86720;Nördlingen;;;;Informationsstand ;Informationsstände, Dienstleistungen, Sonderschau;;;;Halle J
Geiger Monika;Aloe Vera Kosmetik;Auf der Ebene 55;89343;Jettingen-Scheppach;;08225/9587144;;Aloe Vera: Pflegeprodukte, Nahrungser- gänzung, Körperreinigungskuren, Tee;Mode, Beauty, Kosmetik;Gesundheit, Medizin, Pflege;;;Halle G
Gemeinde Möttingen;;Dorfplatz 12;86753;Möttingen;;09083/9610-19;09083/9610-15;Kaffee, Kuchen ;Nahrungs- und Genussmittel;Informationsstände, Dienstleistungen, Sonderschau;;;Halle M
Gemeinde Reimlingen;;Schloßstraße 1;86756;Reimlingen;;09081 3322;09081 87340;Informationsstand ;Informationsstände, Dienstleistungen, Sonderschau;;;;Halle D
Geopark Ries kulinarisch;;Pflegstraße 2;86609;Donauwörth;;0906 74-140;0906 74-248;Schaukochen mit Küchenmeister Uli Großmann Informationsstand;Informationsstände, Dienstleistungen, Sonderschau;Nahrungs- und Genussmittel;;;Halle D
Gouville-Sur-Mer;La Mairie;rue du nord;50560;Gouville Sur Mer;FRANKREICH;0033 0233 478259;0033 0233 479320;Austern, Weißbrotscheiben mit Camembert ;Informationsstände, Dienstleistungen, Sonderschau;Nahrungs- und Genussmittel;;;Halle D
GP JOULE GmbH;;Cecilienkoog 16;25821;Reußenköge;; 04671 6074-0;;Erneuerbare Energie Projekte, Wasser- stoffmodell, Elektromobilität;Energietechnik, Energieversorgung;Mobilität, Zweirad, Reisen;;;Halle A
Gutmann Erdbau GmbH & Co.KG;;Unterer Kesselweg 8;86744;Hainsfarth;;09082 921747;09082 911819;Informationsstand ;Informationsstände, Dienstleistungen, Sonderschau;;;;Halle K
Habicht Matthias;Imker;;91717;Wassertrüdingen;;;;Imker ;Nahrungs- und Genussmittel;;;;Halle A
Hamm Bauelemente;;Ziegelstr. 11;89518;Heidenheim;;0171 2839476;;Spezialreiniger, Schaum macht's möglich ;Reinigungsgeräte und -mittel;;;;Halle F
Hartmann Thomas;Weideschweine;;55606;Lohmühle;;;;Fleisch ;Nahrungs- und Genussmittel;;;;Halle A
HÄRTSFELDER;Familienbrauerei Hald e.k.;Hofener Str. 19;89561;Dischingen-Dunstelkingen;;07327/9229-0;07327/9229-29;Härtsfelder Biere u. Biermisch-Getränke, Haldina Säfte, Erfrischungs-Getränke;Ausstellungsrestaurant, Getränkeausschank, Imbiss, Café;;;;Halle H
Heim & Haus Vertriebsgesellsch. für;Kunststofffenster u. -rollläden mbH;Industriestr. 6;91207;Lauf/Pegnitz;;09123 942862;09123 82411;Markisen, Haustüren, Rollläden, Fenster, Vordächer;Altbau, Modernisierung;Wintergärten, Überdachungen, Markisen;Fenster und Türen;Bauen, Ausbau, Fertighäuser, Immobilien;Halle H, Freigelände
Heiss Jochen;Schreinerei;Gartengasse 20;86732;Oettingen;;09082 966933;09082 966930;Massivholzbett, Möbel ;Betten, Bettwäsche, Felle;Möbel, Küchen;;;Halle S
Herrmann GmbH;die Möbelwerkstätte;Wörnitzostheim 36 a;86733;Alerheim-OT Wörnitzostheim;;09085/9697-0;09085/9697-30;Küchen aus eigener Fertigung ;Möbel, Küchen;Bauen, Ausbau, Fertighäuser, Immobilien;;;Halle S
Hieble R.;Baumaschinentechnik;Dr.-Friedrich-Drechsler-Str. 4;86609;Donauwörth;;0906 98005440;0906 9998417;Bagger, Radlader, Rüttelplatten, Stampfer, Baukompressoren;Bauen, Ausbau, Fertighäuser, Immobilien;Maschinen und Werkzeuge;;;Freigelände
HK-Marketing;Harry Kreutz;Kleine Tröt 28;52477;Alsdorf;;02404 957254;02404 957538;Sprühversiegelung ;Reinigungsgeräte und -mittel;Haushaltsgeräte, Haushaltswaren;;;Halle H
Hofmann GmbH;Solar-Power;Waldstetten 4;86709;Wolferstadt;;09092 1226;09092 911365;Speichersysteme, Photovoltaik-Module, Infrarotheizungen, Wärmepumpe;Energietechnik, Energieversorgung;;;;Halle B
Holunderhof Lohe;Werner und Sieglinde Beck;Lohe 2;86732;Oettingen;;;;versch. regionale Produkte ;Nahrungs- und Genussmittel;;;;Halle A
Holz - Treppenbau;Büchler Albert;Im Unterdorf 10;86745;Hohenaltheim OT Niederaltheim;;09088/758;09088/718;Holztreppen ;Bauen, Ausbau, Fertighäuser, Immobilien;Altbau, Modernisierung;;;Halle S
Hönle Markus;Zimmerei;Ottingerstr. 18;86709;Wolferstadt;;09092/8250;09092 5636;Holzbauteile ;Bauen, Ausbau, Fertighäuser, Immobilien;Altbau, Modernisierung;;;Halle A
Hübler GmbH;Wintergarten - Bauelemente;Ledergasse 3;86732;Oettingen;;09082/2086;09082/8546;Wintergarten, Fenster, Sonnenschutz ;Altbau, Modernisierung;Fenster und Türen;Wintergärten, Überdachungen, Markisen;;Halle K
International Protactics Federation e.V.;Sportschule;Bahnhofstraße 12a;73441;Bopfingen;;07362 921906;; ;Informationsstände, Dienstleistungen, Sonderschau;;;;Halle J
INVITALIS GmbH;;Ferdinand-Braun-Str. 22;85053;Ingolstadt;;08453 33801-0;08453 33801-20;INVITALIS-Produkte ;Gesundheit, Medizin, Pflege;;;;Halle G
Jemako;August Thomas;Binsengassse 2;86754;Munningen;;09082/9133054;;Reinigungsmittel, Tücher Standbesetzung vom 04. bis 06. Oktober;Reinigungsgeräte und -mittel;Bekleidung, Pelze, Leder;;;Halle E
Ju-Jutsu Abteilung;TSV 1861 Nördlingen e.V.;Deiningerstr.3;86720;Nördlingen;;09081 3019945;;Informationsstand ;Informationsstände, Dienstleistungen, Sonderschau;;;;Halle J
Juchheim Cosmetics;Kowol Eva;Mühlberg 1;86697;Oberhausen;;15773741511;;Effectkosmetik, Antiaging, Antifalten, Anticellulite;Mode, Beauty, Kosmetik;;;;Halle G
Jugendrotkreuz Nordschwaben;;Jennisgasse 7;86609;Donauwörth;;;;1. Hilfe-Kurs für Kinder 03.10.;Informationsstände, Dienstleistungen, Sonderschau;;;;Halle J
Kaminkehrer-Innung Schwaben-Augsburg;;Gartenstraße 9;86660;Erlingshofen;;09070/91881;09070/91882;Informationsstand ;Informationsstände, Dienstleistungen, Sonderschau;;;;Halle B
KAMPA GmbH;;Kampa-Platz 1;73432;Aalen/Waldhausen;;07367 92092-0;07329 951-299;Fertighäuser ;Bauen, Ausbau, Fertighäuser, Immobilien;;;;Halle E
Katholische Jugendfürsorge;der Diözese Augsburg e. V.;Schaezlerstr. 34;86152;Augsburg;;0821/3100-0;0821/3100-111;Upcycling-Basteln Geldbeutel aus Milch- und Saftkartons - 02.10. 14-18 Uhr;Informationsstände, Dienstleistungen, Sonderschau;;;;Halle J
Katholische Jugendstelle Donauwörth;;Heilig-Kreuz-Str. 19;86609;Donauwörth;;0906 22565;0906 7051176;Informationsstand ;Informationsstände, Dienstleistungen, Sonderschau;;;;Halle J
Kettler Adolf;Naturprodukte;Klosterplatz 5;86732;Oettingen;;09082/2448;09082/921517;Naturprodukte, Tee, Sonnenmoor, Honig;Nahrungs- und Genussmittel;;;;Halle K
Kettlitz-Chemie GmbH & Co. KG;;Industriestrasse 6;86643;Rennertshofen;;08434 940218;08434 940238;Schmierstoffe, Gerätereiniger, Sonderkraftstoff;Landwirtschaft, Landwirtschaftsgeräte;Gartengeräte, Gartengestaltung, Gartenbedarf;;;Freigelände
Kipf & Sohn GmbH;Fenster und Wintergartenbau;Wettelsheimer Straße 18;91801;Markt Berolzheim;;09146 9414-25;09146 9414-14;Fenster, Haustüren, Terrassendach-Muster;Fenster und Türen;Wintergärten, Überdachungen, Markisen;;;Halle E
Kirchenvorstand Enkingen;;Am Knie 6;86753;Möttingen;;;;Informationsstand ;Informationsstände, Dienstleistungen, Sonderschau;;;;Halle M
Klaiber GmbH;;Karlstraße 44;89568;Hermaringen;;07322 8079210;07322 8079259;Dachsandwichpaneele, Trapezbleche, Wellbleche, Lichtplatten;Dächer, Dachumdeckungen, Dacheindeckungen, Fassaden;;;;Halle E
Klopfer GmbH;Fensterbau;Fürfällmühlweg 4;86732;Oettingen;;09082/96600;09082/9660-41;Fenster und Haustüren ;Fenster und Türen;;;;Halle K
Kögl GmbH - Betriebs-, Lager- u.;Fahrzeugeinrichtungen;Industriestr. 2;89347;Bubesheim-Günzburg;;08221/3690-28;08221/3690-22;Sprinter mit Fahrzeugeinrichtung ;Auto, Autozubehör, Autopflege, Autohaus;;;;Freigelände
Kommunale Jugendarbeit;Landratsamt Donau-Ries;Pflegstr. 2;86609;Donauwörth;;0906 74158;0906 7443158;Spiele in XXL ;Informationsstände, Dienstleistungen, Sonderschau;;;;Halle J
Kowol Eva;Juchheim Cosmetics;Mühlberg 1;86697;Oberhausen;;15773741511;;Effectkosmetik, Antiaging, Antifalten, Anticellulite;Mode, Beauty, Kosmetik;;;;Halle G
Kreisjugendring Donau-Ries;;Kreuzfeldstr. 12;86609;Donauwörth;;0906 7051099;0906 2247;Buttons gestalten u. Spiele rund um die Balance 05. + 06.10;Informationsstände, Dienstleistungen, Sonderschau;;;;Halle J
Kreisverband für Gartenbau;und Landespflege Nördlingen;Am Feldtor 21;86720;Nördlingen-Schmähingen;;09081 / 3683;09081 / 799779;Verkostung sortenreiner Apfelsäfte Vorstellung Leader-Projekt Alte Streuobstsorten;Nahrungs- und Genussmittel;Gartengeräte, Gartengestaltung, Gartenbedarf;Informationsstände, Dienstleistungen, Sonderschau;;Halle C
Kreiswasserwacht Nordschwaben;;Jennisgasse 7;86609;Donauwörth;;;;Informationsstand ;Informationsstände, Dienstleistungen, Sonderschau;;;;Halle J
Kress Kaffee;;Bürgermeister-Reiger-Straße 31;86720;Nördlingen;;0174-3065110;;Kaffee, Spezialitäten ;Nahrungs- und Genussmittel;;;;Halle A
Krieger-, Soldaten- und;Kameradschaftsverein Möttingen;Baadfeld 16;86753;Möttingen;;09083/1365;;Informationsstand ;Informationsstände, Dienstleistungen, Sonderschau;;;;Halle M
Küche & Wohnkultur;Dallmaier GmbH;Ludwig-Auer-Str. 7;86609;Donauwörth;;0906 7058890;0906 7058899;Küche, Eßgruppen ;Möbel, Küchen;;;;Halle H
Kyudo GmbH;;Ossietzkystrasse 37a;1662;Meißen;;0173 2043508;030 25292225;Körperpflege-Artikel, Wellnes-Artikel, Gesichtshaar-Entferner;Mode, Beauty, Kosmetik;;;;Halle G
Landfrauen Donauwörth;Bayer. Bauernverband;Am Stillflecken 30;86609;Donauwörth;;0906 706460;;Arbeit der Landfrauen, Blühflächenpatenschaft;Informationsstände, Dienstleistungen, Sonderschau;;;;Halle T
Landkreis Donau-Ries;Energieberatung;Pflegstr. 2;86609;Donauwörth;;0906/74-258;0906/74-248;Informationsstand ;Informationsstände, Dienstleistungen, Sonderschau;;;;Halle B
Landratsamt Donau-Ries;;Pflegstraße 2;86609;Donauwörth;;0906/74-139;0906/74-273;Informationsstand ;Informationsstände, Dienstleistungen, Sonderschau;;;;Halle J, Halle D
Lang Schreinerei GmbH & Co.KG;Portas Fachbetrieb;Thalmühlstraße 4;86739;Ederheim;;09081/275541;09081/275542;Treppe, Türen, Fenster, Decke, Haustüren ;Altbau, Modernisierung;Fenster und Türen;;;Halle F
Lebenswert GmbH;Intensivpflegedienst;Dalkinger Str. 12b;73479;Ellwangen;;07961 9339930;07961 9339939;Informationsstand ;Informationsstände, Dienstleistungen, Sonderschau;Gesundheit, Medizin, Pflege;;;Halle G
Lechner Massivhaus GmbH;;Senator-Gerauer-Str. 25;85586;Poing-Grub;;089 901295-14;089 901295-16;Informationsstand ;Bauen, Ausbau, Fertighäuser, Immobilien;;;;Halle F
Lechner Trachtelstadl;Trachtenstadl;Mühlstr. 36;86732;Oettingen;;09082 9619377;;Trachten für Damen und Herren, Dirndl, Lederhosen, Blusen, Schuhe, Strümpfe,;Mode, Beauty, Kosmetik;Informationsstände, Dienstleistungen, Sonderschau;;;Halle K
Lechwerke AG;;Schaezlerstr. 3;86150;Augsburg;;0821/328-1572;0821/328-1565;PV + Speicher Lösungen, SolarCloud, E-Mobility-Ladelösungen, Gewinnspiel;Energietechnik, Energieversorgung;Informationsstände, Dienstleistungen, Sonderschau;;;Halle B
Leeb - Balkone & Zäune;Holz Leeb GmbH;Maitratten 25;A-9563;GNESAU;ÖSTERREICH;0043 4278 70037;0043 4278 70021;Balkone, Zäune, Trennwände, Über- dachungen, Sommergärten, Anbaubalkone;Wintergärten, Überdachungen, Markisen;Balkone, Geländer, Zäune;Altbau, Modernisierung;;Freigelände
Lessmann Herwig;Schreinerei - Gartenmöbel;Nürnberger Straße 60;86720;Nördlingen;;09081/5585;09081/23494;Möbel, Gartenmöbel ;Möbel, Küchen;Gartengeräte, Gartengestaltung, Gartenbedarf;;;Halle S
Linsenmeyer Joachim;Schreinerei;Wörnitzstr. 25;86655;Harburg;;09080 921429;09080 921430;Bett, Bettwaren, Möbel ;Betten, Bettwäsche, Felle;Möbel, Küchen;;;Halle S
Luna Trading GmbH;;Walgaustraße 7;A-6719;Bludesch-Gaiß;ÖSTERREICH;0043 5524 53900-0;0043 5524 53900-6;Schmuck ;Schmuck;Mode, Beauty, Kosmetik;;;Halle G
Maierbier;;Industriestraße 9;86720;Nördlingen;;09081 6041246;;regionales Bier ;Nahrungs- und Genussmittel;;;;Halle A
Mair Jürgen;Wintergarten GmbH;Nordweg 1;86641;Rain am Lech;;09090 5792885;;Wintergarten, Sommergarten, Terrassen- überdachungen, Markisen;Wintergärten, Überdachungen, Markisen;;;;Halle E
Mairie de Bourgueil;;8 rue du Picard - BP 29;37140;Bourgueil;FRANKREICH;0033 0247972500;0033 0247979858;Wein und Häppchen ;Informationsstände, Dienstleistungen, Sonderschau;Nahrungs- und Genussmittel;;;Halle D
Markt Wallerstein;;Weinstr. 19;86757;Wallerstein;;09081 27600;09081 276020;Informationsstand ;Informationsstände, Dienstleistungen, Sonderschau;;;;Halle D
Mayer Hubarbeitsbühnen GmbH;;Dolomitstr. 49;73433;Aalen;;07361 5561713;07361 78914;LKW-Arbeitsbühne, Raupenscheren- arbeitsbühne;Maschinen und Werkzeuge;;;;Freigelände
Mediagon AG;;Freiherr-v.-Hundbiss-Str. 10;78479;Reichenau;;07534/998020;07534/998021;Kalk- und Rostschutzgerät ;Wasserenthärtung und -aufbereitung;;;;Halle E
meinBodenbelag.de GmbH;;Bahnhofstrasse 53;73450;Neresheim-Elchingen;;07367/960313;;Parkett, Vinyl, Laminat, Kork, Holz- u. WPC-Terrassen;Bauen, Ausbau, Fertighäuser, Immobilien;Raumausstattung;;;Halle E
Meyr GmbH;Holzbau - Schreinerei;Bühlinger Str. 2;86748;Minderoffingen;;09087/920700;09087/9207010;Fenster, Türen, Holzbau, Elektroküchen- geräte, Böden, Zimmerei;Bauen, Ausbau, Fertighäuser, Immobilien;Elektrogeräte, HiFi, Radio;Raumausstattung;Fenster und Türen;Halle S
Montessori Schule Deiningen;;Schulstr. 5;86738;Deiningen;;09081 2724656;09081 2724659;Basteln für Kinder, Schulpräsentation ;Informationsstände, Dienstleistungen, Sonderschau;;;;Halle H
Moosverdacht GmbH;;Nadlerstraße 9;88299;Leutkirch;;07561/7409769;07561/7409767;Biologische Moos-, Algen-, Flechten- Entfernung von Terrassen, Hofeinfahrten;Reinigungsgeräte und -mittel;;;;Halle H
Mrs.Sporty Nördlingen;;Löpsingerstr.  26;86720;Nördlingen;;09081 2723825;;Informationsstand Standbesetzung am 05. + 06.10.2019;Fitness, Gesundheit;Informationsstände, Dienstleistungen, Sonderschau;;;Halle G
mt marketing GmbH;Altmühltaler Natur Campingplatz;An der Altmühl 24;92339;Beilngries;;08461 606730;08461 602964;Informationsstand, Schäferwagen ;Informationsstände, Dienstleistungen, Sonderschau;;;;Freigelände
Münzinger Harald;Landmetzgerei;Espenstr. 12;86655;Harburg-Mauren;;09080/91882;09080/91884;Restaurant Ochs am Spieß am 03. und 06.10.2019;Ausstellungsrestaurant, Getränkeausschank, Imbiss, Café;;;;Halle L, Freigelände
Mutsch Naturseifen;;Ziswingen 38a;86751;Mönchsdeggingen;;09088 494;;Naturseifen ;Kunst- u. Geschenkartikel;;;;Halle A
Nature Power Pelletes;;Weinberg 3;86650;Wemding;;0160 96436678;;Wolle, Woll-Pellets ;Heizung, Heizungstechnik, Sanitär;Energietechnik, Energieversorgung;;;Halle H
Obst- und Gartenbauverein Appetshofen;;Appetshofen 85;86753;Möttingen;;;;Informationsstand ;Informationsstände, Dienstleistungen, Sonderschau;;;;Halle M
Ohne Umweg;;Schäfflesmarkt 1;86720;Nördlingen;;09081/2504989;;unverpackt: Seifen & Naturkosmetik, reg. Erzeugnisse: Honig, Wurst, Brot, Kaffee,;Mode, Beauty, Kosmetik;Nahrungs- und Genussmittel;;;Halle A
ORBIMED;Meine  Mundgesunde;Kreuzfelderstr.18;86660;Tapfheim;;09070/9607420;09070 9607421;BIO-Zahnpflegeprodukte und Naturseifen;Gesundheit, Medizin, Pflege;Reinigungsgeräte und -mittel;;;Halle A
Ott R. GmbH;Sanitär - Heizungstechnik;Albertusstr. 20;86735;Amerdingen-Bollstadt;;09089/969000;09089/9690010;Heizkessel ;Heizung, Heizungstechnik, Sanitär;;;;Halle B
Pallhuber GmbH & Co. KG;Niederlassung Bayern;Gewerbestr. 8;86420;Diedorf;;08238/966110;08238/9589668;Weine, Sekte, Säfte, Sherry ;Nahrungs- und Genussmittel;;;;Halle F
paramobil GmbH;Abt. Van - 4 - Life;Robert-Bosch-Str. 4;73463;Westhausen;;07363/4091910;;PLA Wohnmobil ;Mobilität, Zweirad, Reisen;Freizeit, Reisen, Camping;Gesundheit, Medizin, Pflege;;Freigelände
perfecta - Fenster u. Türen;Vertriebs & Montage GmbH;Hauptstr. 3;86707;Westendorf;;08273 799-100;08273 799-250;Fenster, Türen, Rollladensysteme ;Altbau, Modernisierung;Bauen, Ausbau, Fertighäuser, Immobilien;Fenster und Türen;;Halle H
Pfaff Heinrich;Imkerei;Dorfstr. 32;86739;Ederheim;;09081/24176;09081/805685;Imker ;Nahrungs- und Genussmittel;;;;Halle A
Pfefferer Jörg-Josef e.K.;;Adolf-Thomas-Straße 4;86653;Monheim;;09091 5932;09091 3906;Seecontainer, Lagercontainer, Containerzubehör;Verschiedenes;;;;Freigelände
Pfister Friedrich;Werksvertretungen;Dorfstr. 30;86733;Alerheim-Bühl;;09085/401;09085/920158;PKW-Kastenanhänger, -Viehanhänger, kleiner Hoflader;Auto, Autozubehör, Autopflege, Autohaus;Maschinen und Werkzeuge;;;Freigelände
Pierre René Professional;Beautypoint;Lucas-Schultes-Straße 5;86732;Oettingen;;09082 959772-22;;Kosmetik-Produkte ;Mode, Beauty, Kosmetik;;;;Halle K
Polizeiinspektion Dillingen a.d. Donau;;Kasernplatz 6;89407;Dillingen;;09071/56-275;09071/56-240;Informationsstand, Ausbildung zur 2. + 3. Qualifikationsebene;Informationsstände, Dienstleistungen, Sonderschau;;;;Halle F
Portas Fachbetrieb;Schreinerei Lang GmbH & Co.KG;Thalmühlstraße 4;86739;Ederheim;;09081/275541;09081/275542;Treppe, Türen, Fenster, Decke, Haustüren ;Altbau, Modernisierung;Fenster und Türen;;;Halle F
Posaunenchor Enkingen;;Großelfinger Straße 21;86753;Möttingen;;09083/517;;Informationsstand ;Informationsstände, Dienstleistungen, Sonderschau;;;;Halle M
Posaunenchor Kleinsorheim;;Unterdorf 25;86753;Möttingen;;09083/1208;;Informationsstand ;Informationsstände, Dienstleistungen, Sonderschau;;;;Halle M
Premium Personal GmbH;;Kapellstr. 11;86609;Donauwörth;;0906 7055150;0906 70551510;Informationsstand ;Informationsstände, Dienstleistungen, Sonderschau;Recruiting, Arbeitskräfte, Personal;;;Halle F
Progas GmbH & Co. KG;;Westfalendamm 84-86;44141;Dortmund;;0231/5498100;0231/5498161;Flüssiggas, Geräte und Zubehör ;Energietechnik, Energieversorgung;Heizung, Heizungstechnik, Sanitär;Altbau, Modernisierung;Bauen, Ausbau, Fertighäuser, Immobilien;Halle E
Rappenegger Monika;Tupperware;Hubertusstraße 40;86650;Wemding;;;;Tupperware ;Haushaltsgeräte, Haushaltswaren;;;;Halle H
Regionalmanagement Donau-Ries;;Pflegstraße 2;86609;Donauwörth;;0906 74-338;0906 74-43338;Informationsstand ;Informationsstände, Dienstleistungen, Sonderschau;;;;Halle D
Reidelshöfer - Das Bettenhaus;Wasserbetten OHG;Georgentalweg 3 a;91729;Haundorf;;09837/976090;09837/97609199;Wasserbetten, Matratzen, Tempur Teller- roste, Zirbenholzbetten, Bettgestelle,;Betten, Bettwäsche, Felle;;;;Halle G
RENOfloor® GmbH;;Mittlere Stämmig 2;97292;Uettingen;;09369/9067-130;09369/9067-77;Schnellsanierung für Balkone, Terrassen und Treppen bzw. Wohnbereiche;Altbau, Modernisierung;Balkone, Geländer, Zäune;Bauen, Ausbau, Fertighäuser, Immobilien;;Halle G
Ries Aronia;Christian Angermeyer;Hartweg 1;86739;Ederheim;;09081-2720130;;Aroniasaft ;Nahrungs- und Genussmittel;;;;Halle A
Rieser Agrartechnik GmbH;;Bachäcker 3 - 4;86720;Nördlingen;;09081/805068-19;09081/805068-13;Rasenmäher, Forstgeräte, Reinigungs- technik, Rasenroboter;Landwirtschaft, Landwirtschaftsgeräte;Gartengeräte, Gartengestaltung, Gartenbedarf;;;Freigelände
Rieser Eierteigwaren-Fabrik;Inh. Irene Mühlbacher;Hobelmühle 1;86720;Grosselfingen;;09083/491;09083/1252;Nudeln, Tomatensoße ;Nahrungs- und Genussmittel;;;;Halle M
Rieser Nachrichten;Lokales;Deininger Str. 8;86720;Nördlingen;;09081 83246;09081 83268;Informationsstand ;Informationsstände, Dienstleistungen, Sonderschau;;;;Halle D
RMG Trockenlegung GmbH;;Dorfanger Str. 64;86450;Baiershofen;;0172/8234861;08295/909445;Abdichtungsprodukte, Kellertrockenlegung Horizontalsperre, Schleierinjektion;Bauen, Ausbau, Fertighäuser, Immobilien;Altbau, Modernisierung;;;Halle F
Rotel GmbH;;Zum Kalkofen 27;57439;Attendorn;;02722/9582611;02722/9582699;Dampfdruckbügeleisen und Zubehör ;Haushaltsgeräte, Haushaltswaren;;;;Halle H
RST - Beschichtungs GmbH;;Grabenweg 11;88487;Mietingen;;07392/7492;07392/914676;Balkon-, Terrassen- u. Treppenbeschich- tungen, Garagenbodenbeschichtung;Balkone, Geländer, Zäune;Garagen, Torantriebe;Altbau, Modernisierung;;Halle H
Rugby Abteilung;TSV 1861 Nördlingen e.V.;Deiningerstr.3;86720;Nördlingen;;09081 3019945;;Informationsstand ;Informationsstände, Dienstleistungen, Sonderschau;;;;Halle J
S.C. Boxenstopp;;Lierheim 13;86753;Möttingen;;09083/9683011;;Auto, Felgen ;Auto, Autozubehör, Autopflege, Autohaus;;;;Halle M
Samocca;Cafè und Kaffeerösterei;Eisengasse 2;86720;Nördlingen;;09081/7890230;;Kaffee und Kuchen ;Nahrungs- und Genussmittel;;;;Halle D
Samtpfoten Katzenhilfe Ries e.V.;Nördlingen;Thomas-Eha-Str. 24;73485;Unterschn.-Geislingen;;07966 2098;;Bücher, CD's, DVD's, Plüschtiere, etc. gegen Spende zum Mitnehmen;Informationsstände, Dienstleistungen, Sonderschau;Tierschauen, Tierbedarf;;;Halle J
Sankt Ulrich Verlag GmbH;;Henisiusstraße 1 (4. Stock);86152;Augsburg;;0821 50242-39;0821 50242-82;Katholische SonntagsZeitung für das Bistum Augsburg;informationsstände, Dienstleistungen, Sonderschau;;;;Halle G
Schnell Günter - Schreinerei/;Zimmerei;Schloßstr.9;86720;Nördlingen-Grosselfingen;;09081/86549;09081/23766;Informationsstand, Outdoorküche aus Holz ;Möbel, Küchen;;;;Halle S
Schreiner-Innung Donau-Ries;;Kerschensteiner Straße 35;86720;Nördlingen;;09085 9697-0;09085 9697-30;Möbel ;Möbel, Küchen;;;;Halle S
Schreinerei König GbR;;Mühlbachstr. 2 + 4;86720;Nördlingen-Schmähingen;;09081/5094;09081/22678;Fenster, Haus- u. Zimmertüren, Insekten- schutz, Überdachungen, Roll. Isolierung,;Altbau, Modernisierung;Bauen, Ausbau, Fertighäuser, Immobilien;Wintergärten, Überdachungen, Markisen;Fenster und Türen;Halle S
Schützenverein St. Georg Möttingen e.V.;;Dorfplatz 5;86753;Möttingen;;09083/528;;Informationsstand ;Informationsstände, Dienstleistungen, Sonderschau;;;;Halle M
Schweihofer Winfried;Forst-, Garten- u. Kommunaltechnik;Gewerbepark Ost 11;86690;Mertingen;;09078/243;09078/1877;Akku-Geräte der Firma STIHL, Rasen- roboter Fa. STIHL;Gartengeräte, Gartengestaltung, Gartenbedarf;Maschinen und Werkzeuge;;;Halle E
Selbsthilfegruppe bezüglich;seelischer Beschwerden e. V.;Meinte 36;34346;Hannoversch Münden;;05545 206431;;Informationshefte und Spruchkarten ;Informationsstände, Dienstleistungen, Sonderschau;;;;Halle G
Skiba Fensterabdichtungen;Inh. Susanne Brosch;Schlossgarten 18;73579;Schechingen;;07175 4513;07175 3091630;Fenster- u. Türenabdichtungen, Service ;Bauen, Ausbau, Fertighäuser, Immobilien;Fenster und Türen;;;Halle E
Soldaten- und Kameradenverein;Kleinsorheim;Steingasse 1;86753;Möttingen;;;;Informationsstand ;Informationsstände, Dienstleistungen, Sonderschau;;;;Halle M
Sparkasse Donauwörth;;Reichsstraße 31/33;86609;Donauwörth;;0906/781144;0906/781303;Informationsstand, Präsentation Finanzdienstleistungen;Informationsstände, Dienstleistungen, Sonderschau;;;;Halle K
Stadt Harburg;;Schloßstraße 1;86655;Harburg;;09080/9699-0;09080/9699-30;Informationsstand ;Informationsstände, Dienstleistungen, Sonderschau;;;;Halle D
Stadt Heidenheim;Tourist-Information;Hauptstraße 34;89522;Heidenheim;;07321 327 4900;07321 327 4911;Informationsstand ;Informationsstände, Dienstleistungen, Sonderschau;;;;Halle G
Stadt Nördlingen;;Marktplatz 2;86720;Nördlingen;;09081 84-0;;Informationsstand ;Informationsstände, Dienstleistungen, Sonderschau;;;;Halle D
Stadt Oettingen i. Bay.;;Schloßstr. 36;86732;Oettingen;;09082/709-51;09082/709-88;Informationsstand ;Informationsstände, Dienstleistungen, Sonderschau;;;;Halle K
Stadt Olomouc;;Horní námestí;77127;Olomouc;Tschechische Republik;;;lokales Bier Olmützer Quargel;Nahrungs- und Genussmittel;Informationsstände, Dienstleistungen, Sonderschau;;;Halle D
Stadt Stollberg;;Hauptmarkt 1;9366;Stollberg;;037296/94-0;037296/2437;Stollen, regionales Bier ;Nahrungs- und Genussmittel;Informationsstände, Dienstleistungen, Sonderschau;;;Halle D
Stadtmuseum Nördlingen;;Vordere Gerbergasse 1;86720;Nördlingen;;09081/273823-0;09081/273823-18;Informationsstand ;Informationsstände, Dienstleistungen, Sonderschau;;;;Halle D
Stahl Manfred;FEIN-FIX GmbH & Co.KG;An der Lach 21;86720;Nördlingen;;09081 805070;09081 24576;Würzen, Suppen, Soßen, Salate, ;Nahrungs- und Genussmittel;Haushaltsgeräte, Haushaltswaren;;;Halle E
Ste-Cra Aluminium u. Edelstahlverarbeitung;Stefan Cramer;Juraweg 3;89437;Haunsheim;;09072/922183;09072/922197;Zäune, Tore, Geländer ;Garagen, Torantriebe;Balkone, Geländer, Zäune;;;Freigelände
Stengel Ziegelwerk GmbH & Co. KG;;Nördlinger Str. 24;86609;Donauwörth;;0906 7061830;0906 7061840;Ziegel ;Altbau, Modernisierung;Bauen, Ausbau, Fertighäuser, Immobilien;;;Halle F
Stockschützen;TSV 1861 Nördlingen e.V.;Deiningerstr.3;86720;Nördlingen;;09081 3019945;;Informationsstand ;Informationsstände, Dienstleistungen, Sonderschau;;;;Halle J
Streunerhilfe Rudelstetten e.V.;;Holzgasse 5;86733;Alerheim;;0151 62604328;;Selbstgemachte Hundeartikel, Schnüffel- teppiche, Leinen, Halsbänder, Halstücher;Tierschauen, Tierbedarf;Informationsstände, Dienstleistungen, Sonderschau;;;Freigelände
Strobel Markus;Kreativartikel;Lange Straße 9;89567;Sontheim;;07325 919239;;Zaubermalstifte, Pustestifte, Badeenten, Kinderschmuck;Kunst- u. Geschenkartikel;Verschiedenes;;;Halle J
Swoboda Manuel;;Bahnhofstr. 6;86482;Aystetten;;0157/82829254;;Steinreinigung, Steinverfugung, Imprägnierung;Altbau, Modernisierung;Bauen, Ausbau, Fertighäuser, Immobilien;;;Halle F
Tabula Tilly;Inh. Adalbert Kefer;Klausenbrunnenweg 10 A;86641;Rain am Lech;;09090/1063;;Rahmbrot ;Ausstellungsrestaurant, Getränkeausschank, Imbiss, Café;;;;Freigelände
Taglieber Holzbau GmbH;;Georg-Schwab-Str. 3;86732;Oettingen;;09082/95997-0;09082/95997-7;Wand- u. Dachmodelle, Info zu Holzhaus- bau, Zimmerei-Sanierung, Gewerbebau;Wintergärten, Überdachungen, Markisen;Bauen, Ausbau, Fertighäuser, Immobilien;Dächer, Dachumdeckungen, Dacheindeckungen, Fassaden;Altbau, Modernisierung;Halle K
team 4 two Hundetraining;;Schwedenstr.26;86554;Pöttmes;;0171/7874905;;Rahmenprogramm Hundetraining / Tier- psychologie, Mitmachparcour, Vorträge;Tierschauen, Tierbedarf;;;;Freigelände
Tekno Gerätefabrik GmbH;;Werner-Bloss-Str.19;52428;Jülich;;02461 343730;02461 343750;Dampfreiniger, Dampfsauger, Bügel- systeme, Staubsauger;Reinigungsgeräte und -mittel;;;;Halle E
"Tennisclub ""Romantische Straße""";;Wielandstraße 28;86720;Nördlingen;;;;Informationsstand ;Informationsstände, Dienstleistungen, Sonderschau;;;;Halle M
Tennisgemeinschaft Schützenverein;"""Glück Auf"" Appetshofen";Appetshofen 14;86753;Möttingen;;;;Informationsstand ;Informationsstände, Dienstleistungen, Sonderschau;;;;Halle M
Thermofit AG;;Schändrichstrasse 7;CH-9230;Flawil;SCHWEIZ;07531/62243;0041/7139381-17;Thermofit pro, Thermofit plus ;Gesundheit, Medizin, Pflege;Fitness, Gesundheit;;;Halle G
Tischtennisabteilung;TSV 1861 Nördlingen e.V.;Deiningerstr.3;86720;Nördlingen;;09081 3019945;;Informationsstand ;Informationsstände, Dienstleistungen, Sonderschau;;;;Halle J
TSV 1861 Nördlingen e. V.;;Deiningerstr.3;86720;Nördlingen;;09081 3019945;;Informationsstand ;Informationsstände, Dienstleistungen, Sonderschau;;;;Halle J
TSV Möttingen;;Balgheimer Straße 5;86753;Möttingen;;09083/1254;;Informationsstand ;Informationsstände, Dienstleistungen, Sonderschau;;;;Halle M
Tupperware Bezirkshandlung;Schwandt GmbH;Zeppelinstr. 9;89160;Dornstadt;;07348 201201;07348 201671;Tupperware ;Haushaltsgeräte, Haushaltswaren;;;;Halle H
Turnen;TSV 1861 Nördlingen e.V.;Deiningerstr.3;86720;Nördlingen;;09081 3019945;;Informationsstand ;Informationsstände, Dienstleistungen, Sonderschau;;;;Halle J
Uhl Weinvertrieb;Manfred Uhl;Kerkingerstr. 29;73441;Bopfingen;;07362 4900;07362 920303;Wein, Sekt, Spirituosen, Säfte ;Nahrungs- und Genussmittel;;;;Halle H
Ulrich R + F GmbH;;Johann-Schäfer-Str. 6;86720;Nördlingen-Dürrenzimmern;;09082 90008;09082 90009;Pferdebox, Weidezauntechnik, Pferdebedarf;Tierschauen, Tierbedarf;;;;Halle F
UNGER;Thermo-Boden GmbH;Industriestr. 12;86609;Donauwörth;;0906/70690-39;0906/4032;Estrich, Bodenbeläge, Sanierung, Trocknung, Raumausstattung;Altbau, Modernisierung;Bauen, Ausbau, Fertighäuser, Immobilien;;;Halle H
Unser Dorfladen Tagmersheim;;Ernst-Graf-von-Moy-Platz 5;86704;Tagmersheim;;09094/9028496;;regionale Produkte ;Informationsstände, Dienstleistungen, Sonderschau;Verschiedenes;;;Halle D
VARTA Storage GmbH;;Nürnberger Str. 65;86720;Nördlingen;;09081 24086 33;;Info Energiespeicherlösungen ;Energietechnik, Energieversorgung;;;;Halle B
VdK Sozialverband;Kreisverband Donau-Ries;Ried 32;86609;Donauwörth;;0906 7056163-14;0906 7056163-20;Informationsstand ;Informationsstände, Dienstleistungen, Sonderschau;;;;Halle G
Verein für Gartenbau u. Landespflege;Hohenaltheim;Dorfstr. 19;86745;Hohenaltheim;;09088 1288;;Ruheinsel ;Gartengeräte, Gartengestaltung, Gartenbedarf;Informationsstände, Dienstleistungen, Sonderschau;;;Halle C
Verschönerungsverein Kleinsorheim;;Unterdorf 21;86753;Möttingen;;;;Informationsstand ;Informationsstände, Dienstleistungen, Sonderschau;;;;Halle M
Veteranen-, Soldaten- und;Kameradschaftsverein Enkingen e.V.;Am Dorfplatz 3;86753;Möttingen;;;;Informationsstand ;Informationsstände, Dienstleistungen, Sonderschau;;;;Halle M
Ville de Couches;;Saone et Loire;71490;Bourgone;FRANKREICH;;;französische Spezialitäten Wurst/Käse, Wein/Sekt;Nahrungs- und Genussmittel;Informationsstände, Dienstleistungen, Sonderschau;;;Halle D
Ville de Riom;;23, rue de I`Hotel-de-Ville;63201;Riom Cedex;FRANKREICH;0033 04.73.33.71.46;0033 04.73.33.79.01;Champagner ;Nahrungs- und Genussmittel;Informationsstände, Dienstleistungen, Sonderschau;;;Halle D
Vogt Albert GmbH - Bauunternehmung;Schlüsselfertiges Bauen;Ringstraße 44;89435;Mörslingen;;09074/9550813;09074/955066;Schlüsselfertiges Bauen ;Bauen, Ausbau, Fertighäuser, Immobilien;;;;Halle B
Volksbanken Raiffeisenbanken im;Landkreis Donau-Ries;Bei den Kornschrannen 4;86720;Nördlingen;;09081 8019-6690;09081 8019-9900;Informationsstand, Fotobox ;Finanzen, Versicherungen;;;;Halle F
Volleyballabteilung;TSV 1861 Nördlingen e.V.;Deiningerstr.3;86720;Nördlingen;;09081 3019945;;Informationsstand ;Informationsstände, Dienstleistungen, Sonderschau;;;;Halle J
von Gaisbergsche Schloßkellerei GmbH;;Benzstr. 12;71384;Weinstadt-Großheppach;;07151/963339;07151/963350;Weine, Sekte, Spirituosen ;Nahrungs- und Genussmittel;;;;Halle E
Vorwerk Deutschland;Stiftung & Co. KG, Kobold;Würzburger Str. 22;86720;Nördlingen;;09081 88613;09081 88643;Vorwerk Staubsauger und Zubehör, Raumpflegeprodukte;Reinigungsgeräte und -mittel;;;;Halle E
WALTER Konzept;Inh. Mario Walter;St.-Martinus-Straße 3;73479;Ellwangen;;07965/9009-0;07965/9009-10;Photovoltaik, Solarstromspeicher ;Energietechnik, Energieversorgung;;;;Halle B
Wassertechnologie Feistle;;Waldstr. 25;89438;Holzheim;;09075 9588475;09075 9556311;balaAqua evolution classic Tritan Trinkflaschen;Wasserenthärtung und -aufbereitung;;;;Halle F
Wasserwacht Bäumenheim;;Bahnhofstr. 14;86663;Asbach-Bäumenheim;;;;Informationsstand ;Informationsstände, Dienstleistungen, Sonderschau;;;;Halle J
Webertherm;Michaela Weber;Am Gründle  7;86655;Harburg;;09080 9237130;09080 9237131;Infrarotheizungen ;Bauen, Ausbau, Fertighäuser, Immobilien;Heizung, Heizungstechnik, Sanitär;Altbau, Modernisierung;;Halle F
Werksvertretungen;Pfister Friedrich;Dorfstr. 30;86733;Alerheim-Bühl;;09085/401;09085/920158;PKW-Kastenanhänger, -Viehanhänger, kleiner Hoflader;Auto, Autozubehör, Autopflege, Autohaus;Maschinen und Werkzeuge;;;Freigelände
Wernitz Rainer;Autohaus;Gewerbering 1;86698;Oberndorf;;09090/1318;09090/1514;Fahrzeuge der Marke Jeep ;Auto, Autozubehör, Autopflege, Autohaus;;;;Freigelände
Whirlpool & Living GmbH;;Herbert-Ludwig-Str. 2;28832;Achim;;04202 51199-0;04202 51199-22;Softub Whirlpools ;Sauna, Wärmekabinen, Whirlpool;;;;Halle H
Wirtschaftsförderverband;DONAURIES e.V.;Pflegstr. 2;86609;Donauwörth;;0906 74640;0906 7443640;Informationsstand ;Informationsstände, Dienstleistungen, Sonderschau;;;;Halle D
Wohlbefinden für Mensch und Tier;;Dannhausener Straße 26;91790;Bergen;;09148 2383067;;Informationsstand Tierernährung, Dienst- leistungen, Hundephysio,;Tierschauen, Tierbedarf;Informationsstände, Dienstleistungen, Sonderschau;;;Freigelände
Wolf Schreinerei;;Bei der Mauch 1;86747;Maihingen;;09087/91228;09087/91229;Bett, Bettsysteme, Matratzen, Möbel ;Betten, Bettwäsche, Felle;Möbel, Küchen;;;Halle S
WOLFF ProTect;Gutes fürs Dach;Schießmauer 31;89129;Langenau-Göttingen;;07345 967013;07345 967032;Gutes fürs Dach ;Dächer, Dachumdeckungen, Dacheindeckungen, Fassaden;Altbau, Modernisierung;;;Halle H
Xanderhof;;Dorfplatz 14;86753;Möttingen;;0160 96605657;;Käse, Wurstwaren, Fertiggerichte Bewirtung mit regionalen Spezialitäten;Nahrungs- und Genussmittel;Ausstellungsrestaurant, Getränkeausschank, Imbiss, Café;;;Halle M
Zalera UG (haftungsbeschränkt);;Alemannenstraße 21;91710;Gunzenhausen;;09831/619195;;IQ-Vitality: Probiotic, Joghurt-Maker Energy, Minerals, Booster;Nahrungs- und Genussmittel;Fitness, Gesundheit;;;Halle G
Zentrum für Betreuung u. Pflege;am Hofgarten;Lange-Mauer-Str. 4;86732;Oettingen;;09082/703-100;09082/703-600;Informationsstand ;Gesundheit, Medizin, Pflege;;;;Halle K
Zimmerer-Innung Donau-Ries;;Kerschensteiner Str. 35;86720;Nördlingen;;09081 3175;;Informationsstand, Innungs- und Azubiwerbung;Informationsstände, Dienstleistungen, Sonderschau;;;;Halle B
ZOTT SE & Co. KG;;Dr.-Steichele-Str. 4;86690;Mertingen;;09078/801-0;09078/801-76557;Joghurt-, Dessert-, Käsespezialitäten ;Nahrungs- und Genussmittel;;;;Halle E
Zur Wallfahrt;Familie Trollmann;Oettinger Strasse 107;86650;Wemding;;09092 362;;Verkauf von Kaffee und Kuchen ;Ausstellungsrestaurant, Getränkeausschank, Imbiss, Café;;;;Halle S
Zwick Wintergarten GmbH;;Am Mittleren Moos 15;86167;Augsburg;;0821/272750;0821/2727550;Wintergarten ;Wintergärten, Überdachungen, Markisen;;;;Halle F
